1,turpis,7/3/2024
2,natoque,11/22/2024
3,lectus,6/23/2024
4,at,3/13/2024
5,vestibulum,7/2/2024
6,massa,7/21/2024
7,at,11/25/2024
8,magna,4/24/2024
9,volutpat,4/5/2024
10,vitae,3/12/2024
11,odio,9/12/2024
12,augue,4/2/2024
13,mollis,1/7/2025
14,lacus,3/10/2024
15,vulputate,11/27/2024
16,a,8/21/2024
17,sapien,8/24/2024
18,sed,11/17/2024
19,posuere,11/18/2024
20,vestibulum,5/2/2024
21,dui,7/5/2024
22,diam,2/13/2024
23,etiam,4/1/2024
24,mi,12/9/2024
25,lorem,12/3/2024
26,sollicitudin,8/16/2024
27,ultrices,5/19/2024
28,nunc,9/13/2024
29,sit,11/25/2024
30,leo,6/6/2024
31,dictumst,12/6/2024
32,turpis,10/22/2024
33,mollis,3/1/2024
34,turpis,8/8/2024
35,ante,3/10/2024
36,tincidunt,2/20/2024
37,vel,3/7/2024
38,vel,7/10/2024
39,velit,3/27/2024
40,ante,3/28/2024
41,euismod,1/24/2025
42,magnis,12/18/2024
43,erat,3/17/2024
44,velit,9/8/2024
45,cubilia,2/9/2024
46,nisl,12/14/2024
47,mauris,5/7/2024
48,nisi,1/17/2025
49,in,2/23/2024
50,donec,8/8/2024
